{
  "smkn7semarang.sch.id": {
    "last_seen": 1780190794.829406,
    "waf": "Unknown / None",
    "success_history": [
      {
        "ts": 1780190794.829407,
        "success_rate": 1.0,
        "best_methods": [
          "BYPASS",
          "GET",
          "POST",
          "OVH",
          "STRESS"
        ]
      }
    ],
    "method_scores": {
      "GET": 0.6499999999999999,
      "POST": 0.6499999999999999,
      "OVH": 0.6499999999999999,
      "STRESS": 0.6499999999999999,
      "DYN": 0.6499999999999999,
      "EVEN": 0.6499999999999999,
      "PPS": 0.6499999999999999,
      "COOKIE": 0.6499999999999999,
      "GSB": 0.6499999999999999,
      "CFB": 0.6499999999999999,
      "CFBUAM": 0.6499999999999999,
      "BYPASS": 0.6499999999999999
    }
  }
}